Student_ID,Feedback,Sentiment,Category,Suggestion,Alert,Summary
1,Too many theory subjects and less practicals.,NEGATIVE,Course Content,Simplify overly complex modules to improve student understanding.,No,"Students generally value the clean and peaceful campus environment, alongside positive feedback on some academic aspects like workshops and teacher explanations. However, significant concerns were raised regarding frustratingly slow administrative responses and a notable imbalance towards theory subjects with inadequate lab equipment. Furthermore, there's frequent feedback on limited and uncoordinated placement and internship opportunities, with calls for improved sports facilities."
2,Too many theory subjects and less practicals.,NEGATIVE,Course Content,Simplify overly complex modules to improve student understanding.,No,"Students generally value the clean and peaceful campus environment, alongside positive feedback on some academic aspects like workshops and teacher explanations. However, significant concerns were raised regarding frustratingly slow administrative responses and a notable imbalance towards theory subjects with inadequate lab equipment. Furthermore, there's frequent feedback on limited and uncoordinated placement and internship opportunities, with calls for improved sports facilities."
3,Administration takes too long to respond.,NEGATIVE,Behavior,Work on improving tone and patience during discussions.,No,"Students generally value the clean and peaceful campus environment, alongside positive feedback on some academic aspects like workshops and teacher explanations. However, significant concerns were raised regarding frustratingly slow administrative responses and a notable imbalance towards theory subjects with inadequate lab equipment. Furthermore, there's frequent feedback on limited and uncoordinated placement and internship opportunities, with calls for improved sports facilities."
4,Environment is clean and peaceful.,POSITIVE,Behavior,Your respectful communication makes students feel valued.,No,"Students generally value the clean and peaceful campus environment, alongside positive feedback on some academic aspects like workshops and teacher explanations. However, significant concerns were raised regarding frustratingly slow administrative responses and a notable imbalance towards theory subjects with inadequate lab equipment. Furthermore, there's frequent feedback on limited and uncoordinated placement and internship opportunities, with calls for improved sports facilities."
5,Internship process lacks coordination.,NEGATIVE,Behavior,Try to be more open to student opinions and feedback.,No,"Students generally value the clean and peaceful campus environment, alongside positive feedback on some academic aspects like workshops and teacher explanations. However, significant concerns were raised regarding frustratingly slow administrative responses and a notable imbalance towards theory subjects with inadequate lab equipment. Furthermore, there's frequent feedback on limited and uncoordinated placement and internship opportunities, with calls for improved sports facilities."
6,Administration takes too long to respond.,NEGATIVE,Behavior,"Avoid showing frustration; instead, guide students patiently.",No,"Students generally value the clean and peaceful campus environment, alongside positive feedback on some academic aspects like workshops and teacher explanations. However, significant concerns were raised regarding frustratingly slow administrative responses and a notable imbalance towards theory subjects with inadequate lab equipment. Furthermore, there's frequent feedback on limited and uncoordinated placement and internship opportunities, with calls for improved sports facilities."
7,WiFi speed is decent throughout the campus.,POSITIVE,Infrastructure,Maintain the excellent facilities and cleanliness.,No,"Students generally value the clean and peaceful campus environment, alongside positive feedback on some academic aspects like workshops and teacher explanations. However, significant concerns were raised regarding frustratingly slow administrative responses and a notable imbalance towards theory subjects with inadequate lab equipment. Furthermore, there's frequent feedback on limited and uncoordinated placement and internship opportunities, with calls for improved sports facilities."
8,Administration takes too long to respond.,NEGATIVE,Behavior,Foster a more encouraging and motivating environment.,No,"Students generally value the clean and peaceful campus environment, alongside positive feedback on some academic aspects like workshops and teacher explanations. However, significant concerns were raised regarding frustratingly slow administrative responses and a notable imbalance towards theory subjects with inadequate lab equipment. Furthermore, there's frequent feedback on limited and uncoordinated placement and internship opportunities, with calls for improved sports facilities."
9,College encourages innovative projects.,POSITIVE,Course Content,Students find the materials helpful — maintain the quality.,No,"Students generally value the clean and peaceful campus environment, alongside positive feedback on some academic aspects like workshops and teacher explanations. However, significant concerns were raised regarding frustratingly slow administrative responses and a notable imbalance towards theory subjects with inadequate lab equipment. Furthermore, there's frequent feedback on limited and uncoordinated placement and internship opportunities, with calls for improved sports facilities."
10,Placement opportunities are limited.,NEGATIVE,Behavior,Work on improving tone and patience during discussions.,No,"Students generally value the clean and peaceful campus environment, alongside positive feedback on some academic aspects like workshops and teacher explanations. However, significant concerns were raised regarding frustratingly slow administrative responses and a notable imbalance towards theory subjects with inadequate lab equipment. Furthermore, there's frequent feedback on limited and uncoordinated placement and internship opportunities, with calls for improved sports facilities."
11,Administration staff is helpful.,POSITIVE,Behavior,Your positive interaction contributes to a good classroom culture.,No,"Students generally value the clean and peaceful campus environment, alongside positive feedback on some academic aspects like workshops and teacher explanations. However, significant concerns were raised regarding frustratingly slow administrative responses and a notable imbalance towards theory subjects with inadequate lab equipment. Furthermore, there's frequent feedback on limited and uncoordinated placement and internship opportunities, with calls for improved sports facilities."
12,Sports facilities need more attention.,NEGATIVE,Behavior,Work on improving tone and patience during discussions.,No,"Students generally value the clean and peaceful campus environment, alongside positive feedback on some academic aspects like workshops and teacher explanations. However, significant concerns were raised regarding frustratingly slow administrative responses and a notable imbalance towards theory subjects with inadequate lab equipment. Furthermore, there's frequent feedback on limited and uncoordinated placement and internship opportunities, with calls for improved sports facilities."
13,Sports facilities need more attention.,NEGATIVE,Behavior,"Avoid showing frustration; instead, guide students patiently.",No,"Students generally value the clean and peaceful campus environment, alongside positive feedback on some academic aspects like workshops and teacher explanations. However, significant concerns were raised regarding frustratingly slow administrative responses and a notable imbalance towards theory subjects with inadequate lab equipment. Furthermore, there's frequent feedback on limited and uncoordinated placement and internship opportunities, with calls for improved sports facilities."
14,College bus timings are not flexible.,NEGATIVE,Behavior,Try to be more open to student opinions and feedback.,No,"Students generally value the clean and peaceful campus environment, alongside positive feedback on some academic aspects like workshops and teacher explanations. However, significant concerns were raised regarding frustratingly slow administrative responses and a notable imbalance towards theory subjects with inadequate lab equipment. Furthermore, there's frequent feedback on limited and uncoordinated placement and internship opportunities, with calls for improved sports facilities."
15,Placement opportunities are limited.,NEGATIVE,Behavior,Work on improving tone and patience during discussions.,No,"Students generally value the clean and peaceful campus environment, alongside positive feedback on some academic aspects like workshops and teacher explanations. However, significant concerns were raised regarding frustratingly slow administrative responses and a notable imbalance towards theory subjects with inadequate lab equipment. Furthermore, there's frequent feedback on limited and uncoordinated placement and internship opportunities, with calls for improved sports facilities."
16,Administration staff is helpful.,POSITIVE,Behavior,Maintaining supportive behavior has built student trust.,No,"Students generally value the clean and peaceful campus environment, alongside positive feedback on some academic aspects like workshops and teacher explanations. However, significant concerns were raised regarding frustratingly slow administrative responses and a notable imbalance towards theory subjects with inadequate lab equipment. Furthermore, there's frequent feedback on limited and uncoordinated placement and internship opportunities, with calls for improved sports facilities."
17,Sports facilities need more attention.,NEGATIVE,Behavior,Try to be more open to student opinions and feedback.,No,"Students generally value the clean and peaceful campus environment, alongside positive feedback on some academic aspects like workshops and teacher explanations. However, significant concerns were raised regarding frustratingly slow administrative responses and a notable imbalance towards theory subjects with inadequate lab equipment. Furthermore, there's frequent feedback on limited and uncoordinated placement and internship opportunities, with calls for improved sports facilities."
18,Labs lack proper equipment.,NEGATIVE,Infrastructure,Address maintenance issues promptly to improve facilities.,No,"Students generally value the clean and peaceful campus environment, alongside positive feedback on some academic aspects like workshops and teacher explanations. However, significant concerns were raised regarding frustratingly slow administrative responses and a notable imbalance towards theory subjects with inadequate lab equipment. Furthermore, there's frequent feedback on limited and uncoordinated placement and internship opportunities, with calls for improved sports facilities."
19,Internship process lacks coordination.,NEGATIVE,Behavior,"Avoid showing frustration; instead, guide students patiently.",No,"Students generally value the clean and peaceful campus environment, alongside positive feedback on some academic aspects like workshops and teacher explanations. However, significant concerns were raised regarding frustratingly slow administrative responses and a notable imbalance towards theory subjects with inadequate lab equipment. Furthermore, there's frequent feedback on limited and uncoordinated placement and internship opportunities, with calls for improved sports facilities."
20,The teacher explains concepts clearly.,POSITIVE,Teaching,Maintain your effective pace and clarity during lectures.,No,"Students generally value the clean and peaceful campus environment, alongside positive feedback on some academic aspects like workshops and teacher explanations. However, significant concerns were raised regarding frustratingly slow administrative responses and a notable imbalance towards theory subjects with inadequate lab equipment. Furthermore, there's frequent feedback on limited and uncoordinated placement and internship opportunities, with calls for improved sports facilities."
21,Workshops and seminars are informative.,POSITIVE,Teaching,Maintain your effective pace and clarity during lectures.,No,"Students generally value the clean and peaceful campus environment, alongside positive feedback on some academic aspects like workshops and teacher explanations. However, significant concerns were raised regarding frustratingly slow administrative responses and a notable imbalance towards theory subjects with inadequate lab equipment. Furthermore, there's frequent feedback on limited and uncoordinated placement and internship opportunities, with calls for improved sports facilities."
22,Timetable is well structured with balanced lectures.,POSITIVE,Course Content,Continue enhancing the curriculum with real-world applications.,No,"Students generally value the clean and peaceful campus environment, alongside positive feedback on some academic aspects like workshops and teacher explanations. However, significant concerns were raised regarding frustratingly slow administrative responses and a notable imbalance towards theory subjects with inadequate lab equipment. Furthermore, there's frequent feedback on limited and uncoordinated placement and internship opportunities, with calls for improved sports facilities."
23,Counselors are not available when needed.,NEGATIVE,Behavior,Work on improving tone and patience during discussions.,No,"Students generally value the clean and peaceful campus environment, alongside positive feedback on some academic aspects like workshops and teacher explanations. However, significant concerns were raised regarding frustratingly slow administrative responses and a notable imbalance towards theory subjects with inadequate lab equipment. Furthermore, there's frequent feedback on limited and uncoordinated placement and internship opportunities, with calls for improved sports facilities."
24,Library has a wide range of books.,POSITIVE,Infrastructure,Students appreciate the well-maintained learning environment.,No,"Students generally value the clean and peaceful campus environment, alongside positive feedback on some academic aspects like workshops and teacher explanations. However, significant concerns were raised regarding frustratingly slow administrative responses and a notable imbalance towards theory subjects with inadequate lab equipment. Furthermore, there's frequent feedback on limited and uncoordinated placement and internship opportunities, with calls for improved sports facilities."
25,Environment is clean and peaceful.,POSITIVE,Behavior,Keep your approachable and professional attitude.,No,"Students generally value the clean and peaceful campus environment, alongside positive feedback on some academic aspects like workshops and teacher explanations. However, significant concerns were raised regarding frustratingly slow administrative responses and a notable imbalance towards theory subjects with inadequate lab equipment. Furthermore, there's frequent feedback on limited and uncoordinated placement and internship opportunities, with calls for improved sports facilities."
26,Hostel bathrooms need better maintenance.,NEGATIVE,Behavior,Work on improving tone and patience during discussions.,No,"Students generally value the clean and peaceful campus environment, alongside positive feedback on some academic aspects like workshops and teacher explanations. However, significant concerns were raised regarding frustratingly slow administrative responses and a notable imbalance towards theory subjects with inadequate lab equipment. Furthermore, there's frequent feedback on limited and uncoordinated placement and internship opportunities, with calls for improved sports facilities."
27,The teacher does not explain topics properly.,NEGATIVE,Teaching,Include visual aids or demos to make lessons more engaging.,No,"Students generally value the clean and peaceful campus environment, alongside positive feedback on some academic aspects like workshops and teacher explanations. However, significant concerns were raised regarding frustratingly slow administrative responses and a notable imbalance towards theory subjects with inadequate lab equipment. Furthermore, there's frequent feedback on limited and uncoordinated placement and internship opportunities, with calls for improved sports facilities."
28,Placement opportunities are limited.,NEGATIVE,Behavior,Work on improving tone and patience during discussions.,No,"Students generally value the clean and peaceful campus environment, alongside positive feedback on some academic aspects like workshops and teacher explanations. However, significant concerns were raised regarding frustratingly slow administrative responses and a notable imbalance towards theory subjects with inadequate lab equipment. Furthermore, there's frequent feedback on limited and uncoordinated placement and internship opportunities, with calls for improved sports facilities."
29,Library books are outdated.,NEGATIVE,Behavior,Work on improving tone and patience during discussions.,No,"Students generally value the clean and peaceful campus environment, alongside positive feedback on some academic aspects like workshops and teacher explanations. However, significant concerns were raised regarding frustratingly slow administrative responses and a notable imbalance towards theory subjects with inadequate lab equipment. Furthermore, there's frequent feedback on limited and uncoordinated placement and internship opportunities, with calls for improved sports facilities."
30,Internship process lacks coordination.,NEGATIVE,Behavior,Ensure respectful and calm communication at all times.,No,"Students generally value the clean and peaceful campus environment, alongside positive feedback on some academic aspects like workshops and teacher explanations. However, significant concerns were raised regarding frustratingly slow administrative responses and a notable imbalance towards theory subjects with inadequate lab equipment. Furthermore, there's frequent feedback on limited and uncoordinated placement and internship opportunities, with calls for improved sports facilities."
31,Internship support is very useful.,POSITIVE,Behavior,Maintaining supportive behavior has built student trust.,No,"Students generally value the clean and peaceful campus environment, alongside positive feedback on some academic aspects like workshops and teacher explanations. However, significant concerns were raised regarding frustratingly slow administrative responses and a notable imbalance towards theory subjects with inadequate lab equipment. Furthermore, there's frequent feedback on limited and uncoordinated placement and internship opportunities, with calls for improved sports facilities."
32,The teacher does not explain topics properly.,NEGATIVE,Teaching,Try incorporating more interactive examples and student questions.,No,"Students generally value the clean and peaceful campus environment, alongside positive feedback on some academic aspects like workshops and teacher explanations. However, significant concerns were raised regarding frustratingly slow administrative responses and a notable imbalance towards theory subjects with inadequate lab equipment. Furthermore, there's frequent feedback on limited and uncoordinated placement and internship opportunities, with calls for improved sports facilities."
33,Hostel rooms are spacious and hygienic.,POSITIVE,Infrastructure,Your management of lab/classroom facilities is commendable.,No,"Students generally value the clean and peaceful campus environment, alongside positive feedback on some academic aspects like workshops and teacher explanations. However, significant concerns were raised regarding frustratingly slow administrative responses and a notable imbalance towards theory subjects with inadequate lab equipment. Furthermore, there's frequent feedback on limited and uncoordinated placement and internship opportunities, with calls for improved sports facilities."
34,Cultural events are not managed properly.,NEGATIVE,Behavior,Work on improving tone and patience during discussions.,No,"Students generally value the clean and peaceful campus environment, alongside positive feedback on some academic aspects like workshops and teacher explanations. However, significant concerns were raised regarding frustratingly slow administrative responses and a notable imbalance towards theory subjects with inadequate lab equipment. Furthermore, there's frequent feedback on limited and uncoordinated placement and internship opportunities, with calls for improved sports facilities."
35,Environment is clean and peaceful.,POSITIVE,Behavior,Keep your approachable and professional attitude.,No,"Students generally value the clean and peaceful campus environment, alongside positive feedback on some academic aspects like workshops and teacher explanations. However, significant concerns were raised regarding frustratingly slow administrative responses and a notable imbalance towards theory subjects with inadequate lab equipment. Furthermore, there's frequent feedback on limited and uncoordinated placement and internship opportunities, with calls for improved sports facilities."
36,College provides good placement opportunities.,POSITIVE,Course Content,Your course content is well-aligned with learning goals.,No,"Students generally value the clean and peaceful campus environment, alongside positive feedback on some academic aspects like workshops and teacher explanations. However, significant concerns were raised regarding frustratingly slow administrative responses and a notable imbalance towards theory subjects with inadequate lab equipment. Furthermore, there's frequent feedback on limited and uncoordinated placement and internship opportunities, with calls for improved sports facilities."
37,Internship support is very useful.,POSITIVE,Behavior,Students appreciate your empathy and understanding.,No,"Students generally value the clean and peaceful campus environment, alongside positive feedback on some academic aspects like workshops and teacher explanations. However, significant concerns were raised regarding frustratingly slow administrative responses and a notable imbalance towards theory subjects with inadequate lab equipment. Furthermore, there's frequent feedback on limited and uncoordinated placement and internship opportunities, with calls for improved sports facilities."
38,Library has a wide range of books.,POSITIVE,Infrastructure,Your management of lab/classroom facilities is commendable.,No,"Students generally value the clean and peaceful campus environment, alongside positive feedback on some academic aspects like workshops and teacher explanations. However, significant concerns were raised regarding frustratingly slow administrative responses and a notable imbalance towards theory subjects with inadequate lab equipment. Furthermore, there's frequent feedback on limited and uncoordinated placement and internship opportunities, with calls for improved sports facilities."
39,College bus timings are not flexible.,NEGATIVE,Behavior,Foster a more encouraging and motivating environment.,No,"Students generally value the clean and peaceful campus environment, alongside positive feedback on some academic aspects like workshops and teacher explanations. However, significant concerns were raised regarding frustratingly slow administrative responses and a notable imbalance towards theory subjects with inadequate lab equipment. Furthermore, there's frequent feedback on limited and uncoordinated placement and internship opportunities, with calls for improved sports facilities."
40,College provides good placement opportunities.,POSITIVE,Course Content,Continue enhancing the curriculum with real-world applications.,No,"Students generally value the clean and peaceful campus environment, alongside positive feedback on some academic aspects like workshops and teacher explanations. However, significant concerns were raised regarding frustratingly slow administrative responses and a notable imbalance towards theory subjects with inadequate lab equipment. Furthermore, there's frequent feedback on limited and uncoordinated placement and internship opportunities, with calls for improved sports facilities."
